<?xml version="1.0" encoding="UTF-8"?>
<model package="modxTalks" baseClass="xPDOObject" platform="mysql" defaultEngine="MyISAM" version="1.1">	
	<object class="ModxtalksConversation" table="modxtalks_conversation" extends="xPDOSimpleObject">
		<field key="conversation" dbtype="varchar" precision="63" phptype="string" null="false" index="unique" />
		<field key="rid" dbtype="int" precision="11" attributes="unsigned" phptype="integer" null="false" index="index" />
		<field key="properties" dbtype="mediumtext" phptype="string" null="true" />

		<index alias="conversation" name="conversation" primary="false" unique="true" type="BTREE" >
			<column key="conversation" length="" collation="A" null="false" />
		</index>
		<index alias="rid" name="rid" primary="false" unique="false" type="BTREE" >
			<column key="rid" length="" collation="A" null="false" />
		</index>
	</object>
	<object class="ModxtalksIpBlock" table="modxtalks_ip_block" extends="xPDOSimpleObject">
		<field key="ip" dbtype="varchar" precision="16" phptype="string" null="false" index="index" />
		<field key="date" dbtype="int" precision="11" attributes="unsigned" phptype="integer" null="false" index="index" />
		<field key="intro" dbtype="text" phptype="string" null="true" />

		<index alias="ip" name="ip" primary="false" unique="false" type="BTREE" >
			<column key="ip" length="" collation="A" null="false" />
		</index>
		<index alias="date" name="date" primary="false" unique="false" type="BTREE" >
			<column key="date" length="" collation="A" null="false" />
		</index>
	</object>
	<object class="ModxtalksLike" table="modxtalks_like" extends="xPDOObject">
		<field key="id" dbtype="int" precision="11" attributes="unsigned" phptype="integer" null="false" index="pk" />
		<field key="postId" dbtype="int" precision="10" attributes="unsigned" phptype="integer" null="false" index="pk" />
		<field key="userId" dbtype="int" precision="10" attributes="unsigned" phptype="integer" null="false" index="pk" />

		<index alias="PRIMARY" name="PRIMARY" primary="true" unique="true" type="BTREE" >
			<column key="postId" length="" collation="A" null="false" />
			<column key="userId" length="" collation="A" null="false" />
			<column key="id" length="" collation="A" null="false" />
		</index>
	</object>
	<object class="ModxtalksMemberconversation" table="modxtalks_memberconversation" extends="xPDOObject">
		<field key="conversationId" dbtype="int" precision="11" attributes="unsigned" phptype="integer" null="false" index="pk" />
		<field key="type" dbtype="enum" precision="'member','group'" phptype="string" null="false" default="member" index="pk" />
		<field key="id" dbtype="int" precision="11" phptype="integer" null="false" index="pk" />
		<field key="allowed" dbtype="tinyint" precision="1" phptype="integer" null="true" default="0" />
		<field key="starred" dbtype="tinyint" precision="1" phptype="integer" null="true" default="0" />
		<field key="lastRead" dbtype="smallint" precision="5" phptype="integer" null="true" default="0" />
		<field key="draft" dbtype="text" phptype="string" null="true" />
		<field key="muted" dbtype="tinyint" precision="1" phptype="integer" null="true" default="0" />

		<index alias="PRIMARY" name="PRIMARY" primary="true" unique="true" type="BTREE" >
			<column key="conversationId" length="" collation="A" null="false" />
			<column key="type" length="" collation="A" null="false" />
			<column key="id" length="" collation="A" null="false" />
		</index>
		<index alias="member_conversation_type_id" name="member_conversation_type_id" primary="false" unique="false" type="BTREE" >
			<column key="type" length="" collation="A" null="false" />
			<column key="id" length="" collation="A" null="false" />
		</index>
	</object>
	<object class="ModxtalksPost" table="modxtalks_post" extends="xPDOSimpleObject">
		<field key="conversationId" dbtype="int" precision="11" attributes="unsigned" phptype="integer" null="false" index="index" />
		<field key="idx" dbtype="int" precision="11" attributes="unsigned" phptype="integer" null="false" index="index" />
		<field key="userId" dbtype="int" precision="11" attributes="unsigned" phptype="integer" null="false" index="index" />
		<field key="time" dbtype="int" precision="11" attributes="unsigned" phptype="integer" null="false" />
		<field key="date" dbtype="int" precision="6" attributes="unsigned" phptype="integer" null="false" index="index" />
		<field key="editUserId" dbtype="int" precision="11" attributes="unsigned" phptype="integer" null="true" />
		<field key="editTime" dbtype="int" precision="11" attributes="unsigned" phptype="integer" null="true" />
		<field key="deleteUserId" dbtype="int" precision="11" attributes="unsigned" phptype="integer" null="true" />
		<field key="deleteTime" dbtype="int" precision="11" attributes="unsigned" phptype="integer" null="true" />
		<field key="hash" dbtype="varchar" precision="32" phptype="string" null="false" />
		<field key="content" dbtype="text" phptype="string" null="false" />
		<field key="username" dbtype="varchar" precision="63" phptype="string" null="true" />
		<field key="useremail" dbtype="varchar" precision="63" phptype="string" null="true" />
		<field key="ip" dbtype="varchar" precision="16" phptype="string" null="false" default="0.0.0.0" />
		<field key="votes" dbtype="mediumtext" phptype="string" null="true" />
		<field key="properties" dbtype="mediumtext" phptype="string" null="true" />

		<index alias="conversation" name="conversation" primary="false" unique="false" type="BTREE" >
			<column key="conversationId" length="" collation="A" null="false" />
		</index>
		<index alias="date" name="date" primary="false" unique="false" type="BTREE" >
			<column key="date" length="" collation="A" null="false" />
		</index>
		<index alias="userId" name="userId" primary="false" unique="false" type="BTREE" >
			<column key="userId" length="" collation="A" null="false" />
		</index>
		<index alias="idx" name="idx" primary="false" unique="false" type="BTREE" >
			<column key="idx" length="" collation="A" null="false" />
		</index>
	</object>
	<object class="ModxtalksSubscribers" table="modxtalks_subscribers" extends="xPDOSimpleObject">
		<field key="conversationId" dbtype="int" precision="11" attributes="unsigned" phptype="integer" null="false" index="index" />
		<field key="email" dbtype="varchar" precision="63" phptype="string" null="false" />
		<field key="properties" dbtype="mediumtext" phptype="string" null="true" />

		<index alias="conversationId" name="conversationId" primary="false" unique="false" type="BTREE" >
			<column key="conversationId" length="" collation="A" null="false" />
			<column key="email" length="" collation="A" null="false" />
		</index>
	</object>
	<object class="ModxtalksTempPost" table="modxtalks_temp_post" extends="xPDOSimpleObject">
		<field key="content" dbtype="text" phptype="string" null="false" />
		<field key="time" dbtype="int" precision="11" attributes="unsigned" phptype="integer" null="false" />
		<field key="userId" dbtype="int" precision="11" attributes="unsigned" phptype="integer" null="false" default="0" index="index" />
		<field key="hash" dbtype="varchar" precision="32" phptype="string" null="true" />
		<field key="token" dbtype="varchar" precision="32" phptype="string" null="false" />
		<field key="username" dbtype="varchar" precision="63" phptype="string" null="false" />
		<field key="useremail" dbtype="varchar" precision="63" phptype="string" null="false" />
		<field key="conversationId" dbtype="int" precision="11" attributes="unsigned" phptype="integer" null="false" index="index" />
		<field key="ip" dbtype="varchar" precision="16" phptype="string" null="false" default="0.0.0.0" />

		<index alias="conversationId" name="conversationId" primary="false" unique="false" type="BTREE" >
			<column key="conversationId" length="" collation="A" null="false" />
		</index>
		<index alias="userId" name="userId" primary="false" unique="false" type="BTREE" >
			<column key="userId" length="" collation="A" null="false" />
		</index>
	</object>
	<object class="ModxtalksUsers" table="modxtalks_users" extends="xPDOSimpleObject">
		<field key="name" dbtype="varchar" precision="63" phptype="string" null="false" />
		<field key="email" dbtype="varchar" precision="63" phptype="string" null="false" index="index" />
		<field key="post_id" dbtype="int" precision="11" attributes="unsigned" phptype="integer" null="false" index="index" />
		<field key="ip" dbtype="varchar" precision="16" phptype="string" null="false" default="0.0.0.0" />
		<field key="properties" dbtype="mediumtext" phptype="string" null="true" />

		<index alias="email" name="email" primary="false" unique="false" type="BTREE" >
			<column key="email" length="" collation="A" null="false" />
		</index>
		<index alias="post_id" name="post_id" primary="false" unique="false" type="BTREE" >
			<column key="post_id" length="" collation="A" null="false" />
		</index>
	</object>
</model>